Imagen|Tipos de Daño|Piezas del Vehículo|Sugerencia
1081.jpg|5|33|1
1143.jpg|6|34|1
1143.jpg|6|13|1
603.jpg|6|40|1
396.jpg|2|34|1
396.jpg|2|21|1
892.jpg|6|40|1
1000.jpg|5|33|1
379.jpg|1|33|1
379.jpg|1|33|2
379.jpg|1|11|1
379.jpg|1|11|2
379.jpg|1|9|1
379.jpg|1|9|2
379.jpg|6|33|1
379.jpg|6|33|2
379.jpg|6|11|1
379.jpg|6|11|2
379.jpg|6|9|1
379.jpg|6|9|2
803.jpg|5|33|1
519.jpg|5|33|1
980.jpg|1|14|1
980.jpg|1|32|1
980.jpg|6|14|1
980.jpg|6|32|1
368.jpg|1|11|1
368.jpg|1|11|2
368.jpg|1|3|1
368.jpg|1|3|2
368.jpg|1|33|1
368.jpg|1|33|2
368.jpg|1|9|1
368.jpg|1|9|2
368.jpg|5|11|1
368.jpg|5|11|2
368.jpg|5|3|1
368.jpg|5|3|2
368.jpg|5|33|1
368.jpg|5|33|2
368.jpg|5|9|1
368.jpg|5|9|2
368.jpg|6|11|1
368.jpg|6|11|2
368.jpg|6|3|1
368.jpg|6|3|2
368.jpg|6|33|1
368.jpg|6|33|2
368.jpg|6|9|1
368.jpg|6|9|2
762.jpg|1|3|1
762.jpg|1|3|2
762.jpg|1|11|1
762.jpg|1|11|2
762.jpg|1|33|1
762.jpg|1|33|2
762.jpg|1|9|1
762.jpg|1|9|2
762.jpg|2|3|1
762.jpg|2|3|2
762.jpg|2|11|1
762.jpg|2|11|2
762.jpg|2|33|1
762.jpg|2|33|2
762.jpg|2|9|1
762.jpg|2|9|2
762.jpg|6|3|1
762.jpg|6|3|2
762.jpg|6|11|1
762.jpg|6|11|2
762.jpg|6|33|1
762.jpg|6|33|2
762.jpg|6|9|1
762.jpg|6|9|2
897.jpg|1|35|1
897.jpg|1|27|1
816.jpg|4|34|1
1032.jpg|6|46|2
381.jpg|5|37|1
381.jpg|5|35|1
381.jpg|5|13|1
75.jpg|2|12|1
75.jpg|2|33|1
75.jpg|3|12|1
75.jpg|3|33|1
130.jpg|1|36|1
130.jpg|1|25|1
187.jpg|4|33|1
189.jpg|5|33|1
1061.jpg|5|33|1
721.jpg|5|33|1
342.jpg|6|40|1
588.jpg|1|21|1
8.jpg|6|31|2
792.jpg|6|40|1
503.jpg|6|10|2
914.jpg|6|40|1
971.jpg|1|13|1
971.jpg|1|37|1
971.jpg|1|22|1
971.jpg|4|13|1
971.jpg|4|37|1
971.jpg|4|22|1
971.jpg|6|13|1
971.jpg|6|37|1
971.jpg|6|22|1
77.jpg|5|34|1
226.jpg|6|9|2
497.jpg|5|34|1
356.jpg|6|20|2
116.jpg|6|20|2
116.jpg|6|34|2
752.jpg|1|34|1
205.jpg|2|36|2
570.jpg|6|32|2
132.jpg|1|34|1
714.jpg|4|20|2
714.jpg|4|20|1
714.jpg|4|34|2
714.jpg|4|34|1
714.jpg|5|20|2
714.jpg|5|20|1
714.jpg|5|34|2
714.jpg|5|34|1
633.jpg|3|33|2
633.jpg|3|40|2
633.jpg|6|33|2
633.jpg|6|40|2
576.jpg|1|33|1
654.jpg|5|34|1
760.jpg|6|31|2
627.jpg|3|7|2
627.jpg|3|31|2
627.jpg|6|7|2
627.jpg|6|31|2
951.jpg|1|3|1
951.jpg|1|3|2
951.jpg|1|35|1
951.jpg|1|35|2
951.jpg|1|11|1
951.jpg|1|11|2
951.jpg|1|33|1
951.jpg|1|33|2
951.jpg|1|9|1
951.jpg|1|9|2
951.jpg|2|3|1
951.jpg|2|3|2
951.jpg|2|35|1
951.jpg|2|35|2
951.jpg|2|11|1
951.jpg|2|11|2
951.jpg|2|33|1
951.jpg|2|33|2
951.jpg|2|9|1
951.jpg|2|9|2
951.jpg|3|3|1
951.jpg|3|3|2
951.jpg|3|35|1
951.jpg|3|35|2
951.jpg|3|11|1
951.jpg|3|11|2
951.jpg|3|33|1
951.jpg|3|33|2
951.jpg|3|9|1
951.jpg|3|9|2
951.jpg|6|3|1
951.jpg|6|3|2
951.jpg|6|35|1
951.jpg|6|35|2
951.jpg|6|11|1
951.jpg|6|11|2
951.jpg|6|33|1
951.jpg|6|33|2
951.jpg|6|9|1
951.jpg|6|9|2
281.jpg|1|34|1
281.jpg|1|13|1
1123.jpg|1|34|1
1104.jpg|6|31|2
863.jpg|6|31|2
316.jpg|1|36|1
316.jpg|1|38|1
377.jpg|4|34|1
139.jpg|1|11|1
928.jpg|6|31|2
676.jpg|5|34|1
893.jpg|6|34|1
977.jpg|1|13|1
977.jpg|1|13|2
977.jpg|1|19|1
977.jpg|1|19|2
977.jpg|6|13|1
977.jpg|6|13|2
977.jpg|6|19|1
977.jpg|6|19|2
326.jpg|5|13|1
326.jpg|5|13|2
326.jpg|5|19|1
326.jpg|5|19|2
326.jpg|6|13|1
326.jpg|6|13|2
326.jpg|6|19|1
326.jpg|6|19|2
421.jpg|6|34|1
1135.jpg|4|33|1
699.jpg|5|14|1
838.jpg|1|25|1
838.jpg|1|35|1
445.jpg|6|10|2
191.jpg|1|34|1
124.jpg|6|46|2
808.jpg|3|34|1
727.jpg|5|34|1
306.jpg|6|20|2
420.jpg|5|34|1
420.jpg|5|34|2
420.jpg|5|19|1
420.jpg|5|19|2
420.jpg|6|34|1
420.jpg|6|34|2
420.jpg|6|19|1
420.jpg|6|19|2
1111.jpg|1|34|1
370.jpg|4|34|1
370.jpg|4|21|1
370.jpg|5|34|1
370.jpg|5|21|1
501.jpg|1|11|1
501.jpg|1|11|2
501.jpg|1|9|1
501.jpg|1|9|2
501.jpg|1|3|1
501.jpg|1|3|2
501.jpg|1|33|1
501.jpg|1|33|2
501.jpg|1|15|1
501.jpg|1|15|2
501.jpg|5|11|1
501.jpg|5|11|2
501.jpg|5|9|1
501.jpg|5|9|2
501.jpg|5|3|1
501.jpg|5|3|2
501.jpg|5|33|1
501.jpg|5|33|2
501.jpg|5|15|1
501.jpg|5|15|2
501.jpg|6|11|1
501.jpg|6|11|2
501.jpg|6|9|1
501.jpg|6|9|2
501.jpg|6|3|1
501.jpg|6|3|2
501.jpg|6|33|1
501.jpg|6|33|2
501.jpg|6|15|1
501.jpg|6|15|2
981.jpg|1|39|2
981.jpg|1|33|2
981.jpg|1|3|2
981.jpg|1|11|2
981.jpg|1|9|2
981.jpg|2|39|2
981.jpg|2|33|2
981.jpg|2|3|2
981.jpg|2|11|2
981.jpg|2|9|2
981.jpg|6|39|2
981.jpg|6|33|2
981.jpg|6|3|2
981.jpg|6|11|2
981.jpg|6|9|2
733.jpg|6|31|2
498.jpg|5|34|1
74.jpg|5|34|1
664.jpg|5|33|1
664.jpg|5|12|1
17.jpg|5|37|1
17.jpg|5|13|1
39.jpg|5|33|1
1017.jpg|1|14|1
1017.jpg|1|14|2
1017.jpg|1|21|1
1017.jpg|1|21|2
1017.jpg|1|34|1
1017.jpg|1|34|2
1017.jpg|1|20|1
1017.jpg|1|20|2
1017.jpg|3|14|1
1017.jpg|3|14|2
1017.jpg|3|21|1
1017.jpg|3|21|2
1017.jpg|3|34|1
1017.jpg|3|34|2
1017.jpg|3|20|1
1017.jpg|3|20|2
1017.jpg|6|14|1
1017.jpg|6|14|2
1017.jpg|6|21|1
1017.jpg|6|21|2
1017.jpg|6|34|1
1017.jpg|6|34|2
1017.jpg|6|20|1
1017.jpg|6|20|2
351.jpg|5|34|1
938.jpg|1|12|1
938.jpg|1|12|2
938.jpg|1|33|1
938.jpg|1|33|2
938.jpg|1|10|1
938.jpg|1|10|2
938.jpg|6|12|1
938.jpg|6|12|2
938.jpg|6|33|1
938.jpg|6|33|2
938.jpg|6|10|1
938.jpg|6|10|2
264.jpg|1|12|1
244.jpg|1|11|1
759.jpg|5|34|1
970.jpg|1|11|1
970.jpg|1|11|2
970.jpg|1|15|1
970.jpg|1|15|2
970.jpg|1|35|1
970.jpg|1|35|2
970.jpg|3|11|1
970.jpg|3|11|2
970.jpg|3|15|1
970.jpg|3|15|2
970.jpg|3|35|1
970.jpg|3|35|2
970.jpg|5|11|1
970.jpg|5|11|2
970.jpg|5|15|1
970.jpg|5|15|2
970.jpg|5|35|1
970.jpg|5|35|2
1016.jpg|5|34|1
482.jpg|5|34|1
926.jpg|1|12|1
926.jpg|1|12|2
926.jpg|1|33|1
926.jpg|1|33|2
926.jpg|1|3|1
926.jpg|1|3|2
926.jpg|1|10|1
926.jpg|1|10|2
926.jpg|6|12|1
926.jpg|6|12|2
926.jpg|6|33|1
926.jpg|6|33|2
926.jpg|6|3|1
926.jpg|6|3|2
926.jpg|6|10|1
926.jpg|6|10|2
155.jpg|1|14|1
195.jpg|1|3|1
195.jpg|1|3|2
195.jpg|1|43|1
195.jpg|1|43|2
195.jpg|1|31|1
195.jpg|1|31|2
195.jpg|2|3|1
195.jpg|2|3|2
195.jpg|2|43|1
195.jpg|2|43|2
195.jpg|2|31|1
195.jpg|2|31|2
195.jpg|6|3|1
195.jpg|6|3|2
195.jpg|6|43|1
195.jpg|6|43|2
195.jpg|6|31|1
195.jpg|6|31|2
950.jpg|6|31|2
1086.jpg|1|12|1
1086.jpg|1|12|2
1086.jpg|1|33|1
1086.jpg|1|33|2
1086.jpg|1|10|1
1086.jpg|1|10|2
1086.jpg|6|12|1
1086.jpg|6|12|2
1086.jpg|6|33|1
1086.jpg|6|33|2
1086.jpg|6|10|1
1086.jpg|6|10|2
256.jpg|1|14|1
1018.jpg|5|14|1
397.jpg|6|31|2
471.jpg|5|33|1
770.jpg|1|37|1
418.jpg|6|31|2
487.jpg|1|38|1
487.jpg|1|14|1
569.jpg|5|34|1
569.jpg|5|14|1
540.jpg|5|33|1
650.jpg|1|12|1
650.jpg|1|12|2
650.jpg|1|33|1
650.jpg|1|33|2
650.jpg|1|36|1
650.jpg|1|36|2
650.jpg|1|31|1
650.jpg|1|31|2
650.jpg|1|10|1
650.jpg|1|10|2
650.jpg|1|2|1
650.jpg|1|2|2
650.jpg|6|12|1
650.jpg|6|12|2
650.jpg|6|33|1
650.jpg|6|33|2
650.jpg|6|36|1
650.jpg|6|36|2
650.jpg|6|31|1
650.jpg|6|31|2
650.jpg|6|10|1
650.jpg|6|10|2
650.jpg|6|2|1
650.jpg|6|2|2
779.jpg|1|34|1
406.jpg|1|34|1
406.jpg|1|34|2
406.jpg|1|19|1
406.jpg|1|19|2
406.jpg|6|34|1
406.jpg|6|34|2
406.jpg|6|19|1
406.jpg|6|19|2
331.jpg|1|33|1
706.jpg|5|34|1
663.jpg|2|3|1
663.jpg|2|3|2
663.jpg|2|39|1
663.jpg|2|39|2
663.jpg|2|9|1
663.jpg|2|9|2
663.jpg|5|3|1
663.jpg|5|3|2
663.jpg|5|39|1
663.jpg|5|39|2
663.jpg|5|9|1
663.jpg|5|9|2
663.jpg|6|3|1
663.jpg|6|3|2
663.jpg|6|39|1
663.jpg|6|39|2
663.jpg|6|9|1
663.jpg|6|9|2
1120.jpg|1|33|1
449.jpg|6|47|1
209.jpg|5|34|1
186.jpg|1|34|1
118.jpg|5|33|1
225.jpg|5|33|1
736.jpg|1|12|1
210.jpg|5|14|1
210.jpg|5|34|1
84.jpg|2|12|1
84.jpg|2|40|1
84.jpg|6|12|1
84.jpg|6|40|1
366.jpg|1|37|1
366.jpg|1|37|2
366.jpg|1|11|1
366.jpg|1|11|2
366.jpg|1|35|1
366.jpg|1|35|2
366.jpg|2|37|1
366.jpg|2|37|2
366.jpg|2|11|1
366.jpg|2|11|2
366.jpg|2|35|1
366.jpg|2|35|2
631.jpg|5|34|1
303.jpg|6|34|1
791.jpg|5|35|1
791.jpg|5|11|1
1062.jpg|3|39|1
1062.jpg|3|39|2
1062.jpg|3|33|1
1062.jpg|3|33|2
1062.jpg|3|9|1
1062.jpg|3|9|2
1062.jpg|3|10|1
1062.jpg|3|10|2
1062.jpg|3|31|1
1062.jpg|3|31|2
1062.jpg|6|39|1
1062.jpg|6|39|2
1062.jpg|6|33|1
1062.jpg|6|33|2
1062.jpg|6|9|1
1062.jpg|6|9|2
1062.jpg|6|10|1
1062.jpg|6|10|2
1062.jpg|6|31|1
1062.jpg|6|31|2
514.jpg|1|34|1
1023.jpg|6|40|2
740.jpg|1|12|1
167.jpg|6|46|2
532.jpg|1|33|1
836.jpg|1|35|1
836.jpg|1|37|1
836.jpg|1|25|1
836.jpg|5|35|1
836.jpg|5|37|1
836.jpg|5|25|1
98.jpg|1|37|1
98.jpg|1|11|1
98.jpg|5|37|1
98.jpg|5|11|1
489.jpg|6|32|2
644.jpg|6|10|2
180.jpg|6|10|2
346.jpg|1|33|1
346.jpg|1|33|2
346.jpg|1|12|1
346.jpg|1|12|2
346.jpg|6|33|1
346.jpg|6|33|2
346.jpg|6|12|1
346.jpg|6|12|2
446.jpg|1|37|1
446.jpg|1|13|1
446.jpg|5|37|1
446.jpg|5|13|1
858.jpg|1|36|1
858.jpg|1|36|2
858.jpg|1|12|1
858.jpg|1|12|2
858.jpg|1|25|1
858.jpg|1|25|2
858.jpg|1|16|1
858.jpg|1|16|2
858.jpg|1|38|1
858.jpg|1|38|2
858.jpg|3|36|1
858.jpg|3|36|2
858.jpg|3|12|1
858.jpg|3|12|2
858.jpg|3|25|1
858.jpg|3|25|2
858.jpg|3|16|1
858.jpg|3|16|2
858.jpg|3|38|1
858.jpg|3|38|2
858.jpg|5|36|1
858.jpg|5|36|2
858.jpg|5|12|1
858.jpg|5|12|2
858.jpg|5|25|1
858.jpg|5|25|2
858.jpg|5|16|1
858.jpg|5|16|2
858.jpg|5|38|1
858.jpg|5|38|2
586.jpg|1|33|1
586.jpg|1|33|2
586.jpg|1|9|1
586.jpg|1|9|2
586.jpg|6|33|1
586.jpg|6|33|2
586.jpg|6|9|1
586.jpg|6|9|2
943.jpg|1|11|1
943.jpg|1|11|2
943.jpg|1|33|1
943.jpg|1|33|2
943.jpg|1|9|1
943.jpg|1|9|2
943.jpg|3|11|1
943.jpg|3|11|2
943.jpg|3|33|1
943.jpg|3|33|2
943.jpg|3|9|1
943.jpg|3|9|2
943.jpg|6|11|1
943.jpg|6|11|2
943.jpg|6|33|1
943.jpg|6|33|2
943.jpg|6|9|1
943.jpg|6|9|2
364.jpg|5|33|1
834.jpg|1|12|1
834.jpg|1|12|2
834.jpg|1|3|1
834.jpg|1|3|2
834.jpg|1|31|1
834.jpg|1|31|2
834.jpg|6|12|1
834.jpg|6|12|2
834.jpg|6|3|1
834.jpg|6|3|2
834.jpg|6|31|1
834.jpg|6|31|2
352.jpg|1|13|1
25.jpg|2|11|1
57.jpg|1|35|1
57.jpg|1|37|1
49.jpg|6|48|2
450.jpg|1|35|1
450.jpg|1|37|1
109.jpg|1|14|1
109.jpg|1|25|1
674.jpg|6|31|2
1139.jpg|1|21|1
107.jpg|6|40|1
307.jpg|6|31|2
58.jpg|5|11|1
611.jpg|1|3|1
785.jpg|5|37|1
785.jpg|5|35|1
982.jpg|5|33|1
782.jpg|1|13|1
782.jpg|1|13|2
782.jpg|1|37|1
782.jpg|1|37|2
782.jpg|1|35|1
782.jpg|1|35|2
782.jpg|1|29|1
782.jpg|1|29|2
782.jpg|2|13|1
782.jpg|2|13|2
782.jpg|2|37|1
782.jpg|2|37|2
782.jpg|2|35|1
782.jpg|2|35|2
782.jpg|2|29|1
782.jpg|2|29|2
824.jpg|1|33|1
299.jpg|5|34|1
299.jpg|5|34|2
299.jpg|5|20|1
299.jpg|5|20|2
299.jpg|6|34|1
299.jpg|6|34|2
299.jpg|6|20|1
299.jpg|6|20|2
778.jpg|1|34|1
778.jpg|1|34|2
778.jpg|1|20|1
778.jpg|1|20|2
778.jpg|6|34|1
778.jpg|6|34|2
778.jpg|6|20|1
778.jpg|6|20|2
121.jpg|6|10|2
715.jpg|1|11|1
715.jpg|1|11|2
715.jpg|1|3|1
715.jpg|1|3|2
715.jpg|1|9|1
715.jpg|1|9|2
715.jpg|1|15|1
715.jpg|1|15|2
715.jpg|1|39|1
715.jpg|1|39|2
715.jpg|4|11|1
715.jpg|4|11|2
715.jpg|4|3|1
715.jpg|4|3|2
715.jpg|4|9|1
715.jpg|4|9|2
715.jpg|4|15|1
715.jpg|4|15|2
715.jpg|4|39|1
715.jpg|4|39|2
715.jpg|6|11|1
715.jpg|6|11|2
715.jpg|6|3|1
715.jpg|6|3|2
715.jpg|6|9|1
715.jpg|6|9|2
715.jpg|6|15|1
715.jpg|6|15|2
715.jpg|6|39|1
715.jpg|6|39|2
1006.jpg|5|13|1
254.jpg|1|12|1
254.jpg|1|33|1
404.jpg|1|14|1
404.jpg|1|38|1
1034.jpg|2|11|1
1034.jpg|2|11|2
1034.jpg|2|10|1
1034.jpg|2|10|2
1034.jpg|6|11|1
1034.jpg|6|11|2
1034.jpg|6|10|1
1034.jpg|6|10|2
400.jpg|6|31|2
616.jpg|6|10|2
616.jpg|6|33|2
395.jpg|1|33|1
395.jpg|1|33|2
395.jpg|1|1|1
395.jpg|1|1|2
395.jpg|3|33|1
395.jpg|3|33|2
395.jpg|3|1|1
395.jpg|3|1|2
684.jpg|6|33|2
684.jpg|6|10|2
684.jpg|6|12|2
655.jpg|5|38|1
655.jpg|5|23|1
655.jpg|5|14|1
126.jpg|2|3|2
462.jpg|6|9|2
270.jpg|6|32|2
354.jpg|5|33|1
728.jpg|5|34|1
716.jpg|5|34|1
258.jpg|1|13|1
258.jpg|1|13|2
258.jpg|1|34|1
258.jpg|1|34|2
258.jpg|1|19|1
258.jpg|1|19|2
258.jpg|3|13|1
258.jpg|3|13|2
258.jpg|3|34|1
258.jpg|3|34|2
258.jpg|3|19|1
258.jpg|3|19|2
258.jpg|6|13|1
258.jpg|6|13|2
258.jpg|6|34|1
258.jpg|6|34|2
258.jpg|6|19|1
258.jpg|6|19|2
1122.jpg|1|34|1
1103.jpg|6|31|2
991.jpg|5|34|2
9.jpg|2|3|1
9.jpg|2|3|2
9.jpg|2|12|1
9.jpg|2|12|2
9.jpg|2|31|1
9.jpg|2|31|2
9.jpg|2|9|1
9.jpg|2|9|2
9.jpg|2|15|1
9.jpg|2|15|2
9.jpg|6|3|1
9.jpg|6|3|2
9.jpg|6|12|1
9.jpg|6|12|2
9.jpg|6|31|1
9.jpg|6|31|2
9.jpg|6|9|1
9.jpg|6|9|2
9.jpg|6|15|1
9.jpg|6|15|2
129.jpg|6|33|1
26.jpg|6|9|2
26.jpg|6|9|1
26.jpg|6|11|2
26.jpg|6|11|1
26.jpg|6|33|2
26.jpg|6|33|1
269.jpg|1|13|1
269.jpg|1|37|1
999.jpg|5|33|1
506.jpg|3|34|1
506.jpg|3|34|2
506.jpg|3|20|1
506.jpg|3|20|2
506.jpg|6|34|1
506.jpg|6|34|2
506.jpg|6|20|1
506.jpg|6|20|2
477.jpg|5|33|1
288.jpg|1|12|1
288.jpg|1|33|1
288.jpg|4|12|1
288.jpg|4|33|1
539.jpg|6|31|2
250.jpg|1|12|1
250.jpg|1|33|1
250.jpg|5|12|1
250.jpg|5|33|1
407.jpg|1|21|1
407.jpg|1|34|1
407.jpg|6|21|1
407.jpg|6|34|1
385.jpg|6|31|2
48.jpg|5|33|1
1029.jpg|5|33|1
1029.jpg|5|33|2
1029.jpg|5|9|1
1029.jpg|5|9|2
1029.jpg|6|33|1
1029.jpg|6|33|2
1029.jpg|6|9|1
1029.jpg|6|9|2
758.jpg|3|33|1
758.jpg|3|33|2
758.jpg|3|11|1
758.jpg|3|11|2
758.jpg|3|1|1
758.jpg|3|1|2
758.jpg|6|33|1
758.jpg|6|33|2
758.jpg|6|11|1
758.jpg|6|11|2
758.jpg|6|1|1
758.jpg|6|1|2
372.jpg|6|40|1
888.jpg|1|3|1
888.jpg|1|11|1
888.jpg|1|9|1
888.jpg|6|3|1
888.jpg|6|11|1
888.jpg|6|9|1
111.jpg|5|33|1
111.jpg|5|11|1
814.jpg|5|33|1
775.jpg|6|31|1
1134.jpg|6|40|1
112.jpg|1|24|1
112.jpg|1|38|1
112.jpg|5|24|1
112.jpg|5|38|1
998.jpg|1|35|1
479.jpg|5|37|1
896.jpg|5|33|1
341.jpg|1|12|1
1047.jpg|5|34|1
1050.jpg|6|40|1
1064.jpg|5|34|1
255.jpg|5|33|1
735.jpg|1|21|1
735.jpg|1|34|1
735.jpg|2|21|1
735.jpg|2|34|1
412.jpg|6|31|2
1071.jpg|6|19|2
700.jpg|5|33|1
1075.jpg|5|12|1
1075.jpg|5|36|1
460.jpg|1|11|1
460.jpg|1|11|2
460.jpg|1|35|1
460.jpg|1|35|2
460.jpg|1|9|1
460.jpg|1|9|2
460.jpg|2|11|1
460.jpg|2|11|2
460.jpg|2|35|1
460.jpg|2|35|2
460.jpg|2|9|1
460.jpg|2|9|2
460.jpg|6|11|1
460.jpg|6|11|2
460.jpg|6|35|1
460.jpg|6|35|2
460.jpg|6|9|1
460.jpg|6|9|2
917.jpg|4|20|2
917.jpg|4|20|1
917.jpg|4|21|2
917.jpg|4|21|1
917.jpg|5|20|2
917.jpg|5|20|1
917.jpg|5|21|2
917.jpg|5|21|1
925.jpg|1|33|1
925.jpg|1|33|2
925.jpg|1|12|1
925.jpg|1|12|2
925.jpg|1|10|1
925.jpg|1|10|2
925.jpg|6|33|1
925.jpg|6|33|2
925.jpg|6|12|1
925.jpg|6|12|2
925.jpg|6|10|1
925.jpg|6|10|2
966.jpg|6|31|2
907.jpg|1|36|1
767.jpg|3|33|1
18.jpg|6|9|2
18.jpg|6|33|2
18.jpg|6|15|2
92.jpg|2|34|1
92.jpg|2|34|2
92.jpg|2|20|1
92.jpg|2|20|2
92.jpg|6|34|1
92.jpg|6|34|2
92.jpg|6|20|1
92.jpg|6|20|2
851.jpg|6|31|2
1145.jpg|1|35|1
1145.jpg|1|35|2
1145.jpg|1|11|1
1145.jpg|1|11|2
1145.jpg|1|31|1
1145.jpg|1|31|2
1145.jpg|2|35|1
1145.jpg|2|35|2
1145.jpg|2|11|1
1145.jpg|2|11|2
1145.jpg|2|31|1
1145.jpg|2|31|2
1145.jpg|6|35|1
1145.jpg|6|35|2
1145.jpg|6|11|1
1145.jpg|6|11|2
1145.jpg|6|31|1
1145.jpg|6|31|2
335.jpg|5|34|1
605.jpg|1|34|1
720.jpg|1|12|1
695.jpg|6|31|2
614.jpg|5|14|1
128.jpg|1|12|1
128.jpg|1|12|2
128.jpg|1|33|1
128.jpg|1|33|2
128.jpg|1|3|1
128.jpg|1|3|2
128.jpg|1|10|1
128.jpg|1|10|2
128.jpg|6|12|1
128.jpg|6|12|2
128.jpg|6|33|1
128.jpg|6|33|2
128.jpg|6|3|1
128.jpg|6|3|2
128.jpg|6|10|1
128.jpg|6|10|2
986.jpg|1|34|1
743.jpg|6|46|2
431.jpg|5|36|1
1116.jpg|5|33|1
1116.jpg|5|33|2
1116.jpg|5|10|1
1116.jpg|5|10|2
1116.jpg|6|33|1
1116.jpg|6|33|2
1116.jpg|6|10|1
1116.jpg|6|10|2
239.jpg|1|12|1
239.jpg|1|12|2
239.jpg|1|10|1
239.jpg|1|10|2
239.jpg|6|12|1
239.jpg|6|12|2
239.jpg|6|10|1
239.jpg|6|10|2
1133.jpg|1|21|1
859.jpg|6|40|1
163.jpg|1|37|1
729.jpg|5|34|1
472.jpg|6|31|2
813.jpg|5|33|1
237.jpg|6|40|1
248.jpg|5|33|1
294.jpg|6|40|1
1090.jpg|1|34|1
659.jpg|1|13|1
659.jpg|1|34|1
659.jpg|3|13|1
659.jpg|3|34|1
16.jpg|1|11|1
221.jpg|3|12|2
221.jpg|3|40|2
221.jpg|6|12|2
221.jpg|6|40|2
996.jpg|3|33|2
996.jpg|3|31|2
996.jpg|6|33|2
996.jpg|6|31|2
428.jpg|3|33|1
321.jpg|1|36|1
321.jpg|1|36|2
321.jpg|1|40|1
321.jpg|1|40|2
321.jpg|1|48|1
321.jpg|1|48|2
321.jpg|1|52|1
321.jpg|1|52|2
321.jpg|3|36|1
321.jpg|3|36|2
321.jpg|3|40|1
321.jpg|3|40|2
321.jpg|3|48|1
321.jpg|3|48|2
321.jpg|3|52|1
321.jpg|3|52|2
321.jpg|6|36|1
321.jpg|6|36|2
321.jpg|6|40|1
321.jpg|6|40|2
321.jpg|6|48|1
321.jpg|6|48|2
321.jpg|6|52|1
321.jpg|6|52|2
201.jpg|5|33|1
165.jpg|1|33|1
93.jpg|5|36|1
920.jpg|5|33|1
608.jpg|6|40|1
1077.jpg|6|31|2
786.jpg|2|35|1
1114.jpg|6|9|2
1114.jpg|6|9|1
1114.jpg|6|33|2
1114.jpg|6|33|1
594.jpg|2|12|1
594.jpg|2|33|1
594.jpg|3|12|1
594.jpg|3|33|1
79.jpg|2|36|1
79.jpg|2|38|1
1052.jpg|1|34|1
1052.jpg|1|34|2
1052.jpg|1|21|1
1052.jpg|1|21|2
1052.jpg|1|20|1
1052.jpg|1|20|2
1052.jpg|6|34|1
1052.jpg|6|34|2
1052.jpg|6|21|1
1052.jpg|6|21|2
1052.jpg|6|20|1
1052.jpg|6|20|2
703.jpg|5|34|1
703.jpg|5|13|1
320.jpg|1|12|1
320.jpg|1|12|2
320.jpg|1|33|1
320.jpg|1|33|2
320.jpg|1|10|1
320.jpg|1|10|2
320.jpg|3|12|1
320.jpg|3|12|2
320.jpg|3|33|1
320.jpg|3|33|2
320.jpg|3|10|1
320.jpg|3|10|2
320.jpg|6|12|1
320.jpg|6|12|2
320.jpg|6|33|1
320.jpg|6|33|2
320.jpg|6|10|1
320.jpg|6|10|2
108.jpg|4|33|1
1042.jpg|6|40|1
1065.jpg|5|33|1
322.jpg|5|33|1
322.jpg|5|40|1
322.jpg|6|33|1
322.jpg|6|40|1
278.jpg|6|32|2
157.jpg|6|31|2
383.jpg|4|33|1
934.jpg|4|40|2
776.jpg|4|34|1
1082.jpg|1|3|1
1082.jpg|1|3|2
1082.jpg|1|33|1
1082.jpg|1|33|2
1082.jpg|1|12|1
1082.jpg|1|12|2
1082.jpg|1|10|1
1082.jpg|1|10|2
1082.jpg|2|3|1
1082.jpg|2|3|2
1082.jpg|2|33|1
1082.jpg|2|33|2
1082.jpg|2|12|1
1082.jpg|2|12|2
1082.jpg|2|10|1
1082.jpg|2|10|2
1082.jpg|6|3|1
1082.jpg|6|3|2
1082.jpg|6|33|1
1082.jpg|6|33|2
1082.jpg|6|12|1
1082.jpg|6|12|2
1082.jpg|6|10|1
1082.jpg|6|10|2
868.jpg|1|14|1
868.jpg|1|14|2
868.jpg|1|20|1
868.jpg|1|20|2
868.jpg|6|14|1
868.jpg|6|14|2
868.jpg|6|20|1
868.jpg|6|20|2
911.jpg|1|27|1
911.jpg|1|27|2
911.jpg|1|37|1
911.jpg|1|37|2
911.jpg|1|35|1
911.jpg|1|35|2
911.jpg|2|27|1
911.jpg|2|27|2
911.jpg|2|37|1
911.jpg|2|37|2
911.jpg|2|35|1
911.jpg|2|35|2
391.jpg|4|34|1
430.jpg|6|31|2
492.jpg|1|35|1
492.jpg|1|11|1
492.jpg|2|35|1
492.jpg|2|11|1
252.jpg|1|38|1
557.jpg|5|33|1
1035.jpg|1|12|1
1035.jpg|1|12|2
1035.jpg|1|10|1
1035.jpg|1|10|2
1035.jpg|6|12|1
1035.jpg|6|12|2
1035.jpg|6|10|1
1035.jpg|6|10|2
1033.jpg|1|33|1
1033.jpg|1|33|2
1033.jpg|1|11|1
1033.jpg|1|11|2
1033.jpg|1|9|1
1033.jpg|1|9|2
1033.jpg|1|40|1
1033.jpg|1|40|2
1033.jpg|6|33|1
1033.jpg|6|33|2
1033.jpg|6|11|1
1033.jpg|6|11|2
1033.jpg|6|9|1
1033.jpg|6|9|2
1033.jpg|6|40|1
1033.jpg|6|40|2
509.jpg|6|31|2
554.jpg|5|33|1
222.jpg|1|36|1
815.jpg|5|33|1
170.jpg|6|31|2
687.jpg|4|25|1
687.jpg|4|37|1
687.jpg|5|25|1
687.jpg|5|37|1
978.jpg|5|13|1
978.jpg|5|37|1
547.jpg|5|33|1
1.jpg|1|11|1
64.jpg|1|12|1
4.jpg|6|40|1
451.jpg|6|31|2
36.jpg|6|40|1
204.jpg|5|21|1
133.jpg|5|34|1
361.jpg|5|33|1
1066.jpg|1|43|1
1066.jpg|1|43|2
1066.jpg|1|24|1
1066.jpg|1|24|2
1066.jpg|1|31|1
1066.jpg|1|31|2
1066.jpg|6|43|1
1066.jpg|6|43|2
1066.jpg|6|24|1
1066.jpg|6|24|2
1066.jpg|6|31|1
1066.jpg|6|31|2
7.jpg|6|31|2
414.jpg|1|38|1
414.jpg|1|14|1
151.jpg|1|12|1
731.jpg|6|31|2
76.jpg|1|34|1
598.jpg|1|43|1
598.jpg|1|43|2
598.jpg|1|25|1
598.jpg|1|25|2
598.jpg|1|31|1
598.jpg|1|31|2
598.jpg|6|43|1
598.jpg|6|43|2
598.jpg|6|25|1
598.jpg|6|25|2
598.jpg|6|31|1
598.jpg|6|31|2
360.jpg|5|34|1
1085.jpg|5|33|1
609.jpg|6|19|2
628.jpg|5|34|1
55.jpg|6|31|2
300.jpg|1|36|1
658.jpg|1|3|1
658.jpg|1|3|2
658.jpg|1|7|1
658.jpg|1|7|2
658.jpg|3|3|1
658.jpg|3|3|2
658.jpg|3|7|1
658.jpg|3|7|2
855.jpg|1|21|1
855.jpg|1|34|1
855.jpg|4|21|1
855.jpg|4|34|1
885.jpg|5|34|1
804.jpg|1|34|1
284.jpg|1|14|1
229.jpg|1|12|1
229.jpg|1|33|1
229.jpg|1|40|1
229.jpg|3|12|1
229.jpg|3|33|1
229.jpg|3|40|1
229.jpg|6|12|1
229.jpg|6|33|1
229.jpg|6|40|1
847.jpg|5|33|1
1137.jpg|5|14|1
1043.jpg|5|33|1
833.jpg|5|34|1
535.jpg|5|33|1
236.jpg|1|11|1
840.jpg|1|12|2
840.jpg|1|33|2
840.jpg|5|12|2
840.jpg|5|33|2
787.jpg|6|19|2
983.jpg|6|20|2
960.jpg|1|36|1
545.jpg|1|33|1
528.jpg|1|33|1
528.jpg|1|33|2
528.jpg|1|12|1
528.jpg|1|12|2
528.jpg|1|10|1
528.jpg|1|10|2
528.jpg|6|33|1
528.jpg|6|33|2
528.jpg|6|12|1
528.jpg|6|12|2
528.jpg|6|10|1
528.jpg|6|10|2
639.jpg|6|33|1
825.jpg|5|33|1
177.jpg|5|34|1
508.jpg|1|33|1
508.jpg|1|33|2
508.jpg|1|12|1
508.jpg|1|12|2
508.jpg|1|3|1
508.jpg|1|3|2
508.jpg|1|10|1
508.jpg|1|10|2
508.jpg|6|33|1
508.jpg|6|33|2
508.jpg|6|12|1
508.jpg|6|12|2
508.jpg|6|3|1
508.jpg|6|3|2
508.jpg|6|10|1
508.jpg|6|10|2
945.jpg|1|14|1
945.jpg|1|14|2
945.jpg|1|34|1
945.jpg|1|34|2
945.jpg|1|20|1
945.jpg|1|20|2
945.jpg|5|14|1
945.jpg|5|14|2
945.jpg|5|34|1
945.jpg|5|34|2
945.jpg|5|20|1
945.jpg|5|20|2
945.jpg|6|14|1
945.jpg|6|14|2
945.jpg|6|34|1
945.jpg|6|34|2
945.jpg|6|20|1
945.jpg|6|20|2
732.jpg|6|40|1
147.jpg|6|31|2
15.jpg|6|9|2
15.jpg|6|9|1
15.jpg|6|33|2
15.jpg|6|33|1
15.jpg|6|11|2
15.jpg|6|11|1
15.jpg|6|15|2
15.jpg|6|15|1
806.jpg|5|33|1
799.jpg|6|32|2
965.jpg|5|33|1
749.jpg|1|11|1
548.jpg|6|40|1
45.jpg|1|38|1
854.jpg|1|36|1
51.jpg|6|40|1
309.jpg|1|21|1
516.jpg|6|31|2
709.jpg|6|31|2
521.jpg|6|40|1
465.jpg|6|31|2
436.jpg|1|3|1
436.jpg|1|3|2
436.jpg|1|31|1
436.jpg|1|31|2
436.jpg|1|7|1
436.jpg|1|7|2
436.jpg|6|3|1
436.jpg|6|3|2
436.jpg|6|31|1
436.jpg|6|31|2
436.jpg|6|7|1
436.jpg|6|7|2
823.jpg|1|3|1
823.jpg|1|3|2
823.jpg|1|10|1
823.jpg|1|10|2
823.jpg|1|33|1
823.jpg|1|33|2
823.jpg|6|3|1
823.jpg|6|3|2
823.jpg|6|10|1
823.jpg|6|10|2
823.jpg|6|33|1
823.jpg|6|33|2
567.jpg|6|40|1
884.jpg|6|40|1
185.jpg|1|11|1
185.jpg|1|33|1
185.jpg|5|11|1
185.jpg|5|33|1
880.jpg|1|12|1
245.jpg|1|33|1
245.jpg|1|33|2
245.jpg|1|12|1
245.jpg|1|12|2
245.jpg|1|3|1
245.jpg|1|3|2
245.jpg|1|8|1
245.jpg|1|8|2
245.jpg|1|10|1
245.jpg|1|10|2
245.jpg|3|33|1
245.jpg|3|33|2
245.jpg|3|12|1
245.jpg|3|12|2
245.jpg|3|3|1
245.jpg|3|3|2
245.jpg|3|8|1
245.jpg|3|8|2
245.jpg|3|10|1
245.jpg|3|10|2
245.jpg|6|33|1
245.jpg|6|33|2
245.jpg|6|12|1
245.jpg|6|12|2
245.jpg|6|3|1
245.jpg|6|3|2
245.jpg|6|8|1
245.jpg|6|8|2
245.jpg|6|10|1
245.jpg|6|10|2
402.jpg|1|32|1
183.jpg|1|11|1
153.jpg|1|3|1
153.jpg|1|3|2
153.jpg|1|12|1
153.jpg|1|12|2
153.jpg|1|33|1
153.jpg|1|33|2
153.jpg|1|10|1
153.jpg|1|10|2
153.jpg|2|3|1
153.jpg|2|3|2
153.jpg|2|12|1
153.jpg|2|12|2
153.jpg|2|33|1
153.jpg|2|33|2
153.jpg|2|10|1
153.jpg|2|10|2
153.jpg|3|3|1
153.jpg|3|3|2
153.jpg|3|12|1
153.jpg|3|12|2
153.jpg|3|33|1
153.jpg|3|33|2
153.jpg|3|10|1
153.jpg|3|10|2
153.jpg|6|3|1
153.jpg|6|3|2
153.jpg|6|12|1
153.jpg|6|12|2
153.jpg|6|33|1
153.jpg|6|33|2
153.jpg|6|10|1
153.jpg|6|10|2
683.jpg|6|31|2
1009.jpg|5|33|1
148.jpg|6|40|1
1024.jpg|1|36|1
667.jpg|5|33|1
181.jpg|6|31|2
247.jpg|6|31|2
964.jpg|2|13|1
964.jpg|2|13|2
964.jpg|2|34|1
964.jpg|2|34|2
964.jpg|2|20|1
964.jpg|2|20|2
964.jpg|4|13|1
964.jpg|4|13|2
964.jpg|4|34|1
964.jpg|4|34|2
964.jpg|4|20|1
964.jpg|4|20|2
964.jpg|6|13|1
964.jpg|6|13|2
964.jpg|6|34|1
964.jpg|6|34|2
964.jpg|6|20|1
964.jpg|6|20|2
1010.jpg|6|9|2
675.jpg|1|11|1
675.jpg|1|33|1
470.jpg|1|35|1
722.jpg|1|33|1
722.jpg|1|33|2
722.jpg|1|10|1
722.jpg|1|10|2
722.jpg|6|33|1
722.jpg|6|33|2
722.jpg|6|10|1
722.jpg|6|10|2
574.jpg|5|33|1
510.jpg|1|3|1
510.jpg|1|3|2
510.jpg|1|39|1
510.jpg|1|39|2
510.jpg|6|3|1
510.jpg|6|3|2
510.jpg|6|39|1
510.jpg|6|39|2
338.jpg|1|25|1
338.jpg|1|35|1
338.jpg|2|25|1
338.jpg|2|35|1
817.jpg|5|33|1
817.jpg|5|11|1
640.jpg|5|34|1
718.jpg|1|34|1
718.jpg|1|34|2
718.jpg|1|13|1
718.jpg|1|13|2
718.jpg|1|20|1
718.jpg|1|20|2
718.jpg|6|34|1
718.jpg|6|34|2
718.jpg|6|13|1
718.jpg|6|13|2
718.jpg|6|20|1
718.jpg|6|20|2
912.jpg|6|31|2
702.jpg|5|38|1
329.jpg|2|12|2
329.jpg|2|12|1
329.jpg|2|33|2
329.jpg|2|33|1
329.jpg|3|12|2
329.jpg|3|12|1
329.jpg|3|33|2
329.jpg|3|33|1
861.jpg|1|34|1
206.jpg|6|31|2
314.jpg|1|38|1
314.jpg|1|36|1
314.jpg|2|38|1
314.jpg|2|36|1
350.jpg|5|35|1
350.jpg|5|25|1
145.jpg|5|38|1
145.jpg|5|14|1
136.jpg|1|33|1
393.jpg|6|31|2
939.jpg|1|38|1
939.jpg|1|14|1
260.jpg|6|32|2
96.jpg|1|11|1
940.jpg|6|31|2
1003.jpg|3|33|2
1003.jpg|3|9|2
1003.jpg|5|33|2
1003.jpg|5|9|2
1078.jpg|6|40|1
669.jpg|5|34|1
1001.jpg|1|21|1
1001.jpg|1|21|2
1001.jpg|1|34|1
1001.jpg|1|34|2
1001.jpg|1|20|1
1001.jpg|1|20|2
1001.jpg|4|21|1
1001.jpg|4|21|2
1001.jpg|4|34|1
1001.jpg|4|34|2
1001.jpg|4|20|1
1001.jpg|4|20|2
1001.jpg|6|21|1
1001.jpg|6|21|2
1001.jpg|6|34|1
1001.jpg|6|34|2
1001.jpg|6|20|1
1001.jpg|6|20|2
488.jpg|1|21|1
401.jpg|6|40|1
1011.jpg|5|33|1
137.jpg|6|33|1
317.jpg|1|12|1
317.jpg|1|12|2
317.jpg|1|36|1
317.jpg|1|36|2
317.jpg|1|16|1
317.jpg|1|16|2
317.jpg|2|12|1
317.jpg|2|12|2
317.jpg|2|36|1
317.jpg|2|36|2
317.jpg|2|16|1
317.jpg|2|16|2
317.jpg|3|12|1
317.jpg|3|12|2
317.jpg|3|36|1
317.jpg|3|36|2
317.jpg|3|16|1
317.jpg|3|16|2
591.jpg|5|33|1
235.jpg|1|33|1
555.jpg|1|12|1
555.jpg|1|12|2
555.jpg|1|33|1
555.jpg|1|33|2
555.jpg|1|40|1
555.jpg|1|40|2
555.jpg|2|12|1
555.jpg|2|12|2
555.jpg|2|33|1
555.jpg|2|33|2
555.jpg|2|40|1
555.jpg|2|40|2
555.jpg|6|12|1
555.jpg|6|12|2
555.jpg|6|33|1
555.jpg|6|33|2
555.jpg|6|40|1
555.jpg|6|40|2
114.jpg|1|33|1
615.jpg|5|33|1
1127.jpg|1|11|1
1127.jpg|1|33|1
1127.jpg|5|11|1
1127.jpg|5|33|1
141.jpg|6|31|2
456.jpg|5|12|1
456.jpg|5|36|1
692.jpg|6|31|2
921.jpg|5|33|1
757.jpg|1|34|1
413.jpg|6|31|2
777.jpg|1|34|1
777.jpg|1|34|2
777.jpg|1|19|1
777.jpg|1|19|2
777.jpg|5|34|1
777.jpg|5|34|2
777.jpg|5|19|1
777.jpg|5|19|2
777.jpg|6|34|1
777.jpg|6|34|2
777.jpg|6|19|1
777.jpg|6|19|2
327.jpg|1|35|1
327.jpg|1|25|1
327.jpg|1|13|1
419.jpg|1|14|1
419.jpg|1|38|1
419.jpg|1|25|1
227.jpg|6|40|1
768.jpg|6|40|1
661.jpg|3|11|2
661.jpg|3|40|2
661.jpg|6|11|2
661.jpg|6|40|2
688.jpg|2|34|2
688.jpg|2|13|2
688.jpg|2|21|2
688.jpg|2|19|2
688.jpg|2|32|2
688.jpg|6|34|2
688.jpg|6|13|2
688.jpg|6|21|2
688.jpg|6|19|2
688.jpg|6|32|2
103.jpg|5|33|1
323.jpg|1|34|1
1101.jpg|6|32|2
561.jpg|2|3|2
561.jpg|2|31|2
561.jpg|6|3|2
561.jpg|6|31|2
726.jpg|5|34|1
367.jpg|1|36|1
42.jpg|5|33|1
80.jpg|6|9|2
529.jpg|1|36|1
529.jpg|1|14|1
529.jpg|1|25|1
529.jpg|2|36|1
529.jpg|2|14|1
529.jpg|2|25|1
426.jpg|1|12|1
426.jpg|1|33|1
426.jpg|5|12|1
426.jpg|5|33|1
1044.jpg|1|14|1
1044.jpg|1|14|2
1044.jpg|1|20|1
1044.jpg|1|20|2
1044.jpg|6|14|1
1044.jpg|6|14|2
1044.jpg|6|20|1
1044.jpg|6|20|2
242.jpg|1|34|1
242.jpg|1|13|1
242.jpg|1|37|1
242.jpg|1|25|1
713.jpg|4|33|1
713.jpg|4|33|2
713.jpg|4|10|1
713.jpg|4|10|2
1124.jpg|6|9|2
1124.jpg|6|9|1
1124.jpg|6|33|2
1124.jpg|6|33|1
788.jpg|1|13|1
944.jpg|1|35|1
944.jpg|1|11|1
944.jpg|1|40|1
944.jpg|6|35|1
944.jpg|6|11|1
944.jpg|6|40|1
793.jpg|4|33|1
793.jpg|4|33|2
793.jpg|4|10|1
793.jpg|4|10|2
793.jpg|4|2|1
793.jpg|4|2|2
793.jpg|6|33|1
793.jpg|6|33|2
793.jpg|6|10|1
793.jpg|6|10|2
793.jpg|6|2|1
793.jpg|6|2|2
734.jpg|5|34|1
474.jpg|1|14|1
474.jpg|1|34|1
474.jpg|5|14|1
474.jpg|5|34|1
154.jpg|1|36|1
154.jpg|1|36|2
154.jpg|1|25|1
154.jpg|1|25|2
154.jpg|1|11|1
154.jpg|1|11|2
154.jpg|2|36|1
154.jpg|2|36|2
154.jpg|2|25|1
154.jpg|2|25|2
154.jpg|2|11|1
154.jpg|2|11|2
459.jpg|1|14|1
459.jpg|1|38|1
794.jpg|1|11|1
794.jpg|1|11|2
794.jpg|1|7|1
794.jpg|1|7|2
794.jpg|1|35|1
794.jpg|1|35|2
794.jpg|1|33|1
794.jpg|1|33|2
794.jpg|3|11|1
794.jpg|3|11|2
794.jpg|3|7|1
794.jpg|3|7|2
794.jpg|3|35|1
794.jpg|3|35|2
794.jpg|3|33|1
794.jpg|3|33|2
794.jpg|5|11|1
794.jpg|5|11|2
794.jpg|5|7|1
794.jpg|5|7|2
794.jpg|5|35|1
794.jpg|5|35|2
794.jpg|5|33|1
794.jpg|5|33|2
797.jpg|6|32|2
434.jpg|6|20|2
178.jpg|1|38|1
178.jpg|1|25|1
178.jpg|1|14|1
178.jpg|1|34|1
122.jpg|1|33|1
122.jpg|1|33|2
122.jpg|1|11|1
122.jpg|1|11|2
122.jpg|1|3|1
122.jpg|1|3|2
122.jpg|1|9|1
122.jpg|1|9|2
122.jpg|2|33|1
122.jpg|2|33|2
122.jpg|2|11|1
122.jpg|2|11|2
122.jpg|2|3|1
122.jpg|2|3|2
122.jpg|2|9|1
122.jpg|2|9|2
122.jpg|6|33|1
122.jpg|6|33|2
122.jpg|6|11|1
122.jpg|6|11|2
122.jpg|6|3|1
122.jpg|6|3|2
122.jpg|6|9|1
122.jpg|6|9|2
267.jpg|6|10|2
267.jpg|6|33|2
835.jpg|1|37|1
835.jpg|1|13|1
835.jpg|1|25|1
13.jpg|6|10|2
390.jpg|1|3|1
556.jpg|5|14|1
556.jpg|5|38|1
1059.jpg|6|31|2
839.jpg|5|31|1
867.jpg|5|33|1
652.jpg|6|40|1
271.jpg|6|40|1
517.jpg|5|38|1
517.jpg|5|36|1
517.jpg|5|25|1
68.jpg|6|31|2
1028.jpg|1|13|1
1019.jpg|5|14|1
308.jpg|4|14|1
629.jpg|2|11|1
629.jpg|2|11|2
629.jpg|2|33|1
629.jpg|2|33|2
629.jpg|2|9|1
629.jpg|2|9|2
629.jpg|5|11|1
629.jpg|5|11|2
629.jpg|5|33|1
629.jpg|5|33|2
629.jpg|5|9|1
629.jpg|5|9|2
629.jpg|6|11|1
629.jpg|6|11|2
629.jpg|6|33|1
629.jpg|6|33|2
629.jpg|6|9|1
629.jpg|6|9|2
457.jpg|1|11|1
457.jpg|1|35|1
457.jpg|1|40|1
457.jpg|6|11|1
457.jpg|6|35|1
457.jpg|6|40|1
822.jpg|5|33|1
822.jpg|5|33|2
822.jpg|5|16|1
822.jpg|5|16|2
822.jpg|6|33|1
822.jpg|6|33|2
822.jpg|6|16|1
822.jpg|6|16|2
251.jpg|1|33|1
251.jpg|1|33|2
251.jpg|1|3|1
251.jpg|1|3|2
251.jpg|1|11|1
251.jpg|1|11|2
251.jpg|1|9|1
251.jpg|1|9|2
251.jpg|6|33|1
251.jpg|6|33|2
251.jpg|6|3|1
251.jpg|6|3|2
251.jpg|6|11|1
251.jpg|6|11|2
251.jpg|6|9|1
251.jpg|6|9|2
908.jpg|1|34|1
438.jpg|1|13|1
438.jpg|1|37|1
438.jpg|5|13|1
438.jpg|5|37|1
894.jpg|1|21|1
143.jpg|6|52|2
562.jpg|5|25|1
562.jpg|5|37|1
562.jpg|5|40|1
562.jpg|6|25|1
562.jpg|6|37|1
562.jpg|6|40|1
584.jpg|3|12|2
584.jpg|3|12|1
584.jpg|3|3|2
584.jpg|3|3|1
584.jpg|3|31|2
584.jpg|3|31|1
584.jpg|5|12|2
584.jpg|5|12|1
584.jpg|5|3|2
584.jpg|5|3|1
584.jpg|5|31|2
584.jpg|5|31|1
584.jpg|6|12|2
584.jpg|6|12|1
584.jpg|6|3|2
584.jpg|6|3|1
584.jpg|6|31|2
584.jpg|6|31|1
961.jpg|1|25|1
949.jpg|4|12|1
744.jpg|6|40|1
712.jpg|5|33|1
208.jpg|6|31|2
490.jpg|1|34|1
490.jpg|1|34|2
490.jpg|1|14|1
490.jpg|1|14|2
490.jpg|1|21|1
490.jpg|1|21|2
490.jpg|1|20|1
490.jpg|1|20|2
490.jpg|2|34|1
490.jpg|2|34|2
490.jpg|2|14|1
490.jpg|2|14|2
490.jpg|2|21|1
490.jpg|2|21|2
490.jpg|2|20|1
490.jpg|2|20|2
490.jpg|6|34|1
490.jpg|6|34|2
490.jpg|6|14|1
490.jpg|6|14|2
490.jpg|6|21|1
490.jpg|6|21|2
490.jpg|6|20|1
490.jpg|6|20|2
899.jpg|5|34|1
220.jpg|1|34|1
1031.jpg|6|40|2
1067.jpg|6|31|2
612.jpg|5|11|1
31.jpg|5|33|1
771.jpg|1|37|1
809.jpg|4|33|1
389.jpg|5|14|1
583.jpg|1|3|1
583.jpg|1|3|2
583.jpg|1|12|1
583.jpg|1|12|2
583.jpg|1|10|1
583.jpg|1|10|2
583.jpg|6|3|1
583.jpg|6|3|2
583.jpg|6|12|1
583.jpg|6|12|2
583.jpg|6|10|1
583.jpg|6|10|2
1026.jpg|1|14|1
901.jpg|6|52|2
711.jpg|5|37|1
711.jpg|5|35|1
769.jpg|5|37|1
769.jpg|5|25|1
769.jpg|5|13|1
942.jpg|5|14|1
374.jpg|1|34|1
374.jpg|1|34|2
374.jpg|1|14|1
374.jpg|1|14|2
374.jpg|1|20|1
374.jpg|1|20|2
374.jpg|6|34|1
374.jpg|6|34|2
374.jpg|6|14|1
374.jpg|6|14|2
374.jpg|6|20|1
374.jpg|6|20|2
193.jpg|5|33|1
568.jpg|6|31|2
551.jpg|3|33|1
546.jpg|1|35|1
546.jpg|1|35|2
546.jpg|1|37|1
546.jpg|1|37|2
546.jpg|1|13|1
546.jpg|1|13|2
546.jpg|1|40|1
546.jpg|1|40|2
546.jpg|6|35|1
546.jpg|6|35|2
546.jpg|6|37|1
546.jpg|6|37|2
546.jpg|6|13|1
546.jpg|6|13|2
546.jpg|6|40|1
546.jpg|6|40|2
1096.jpg|1|3|1
1096.jpg|1|3|2
1096.jpg|1|9|1
1096.jpg|1|9|2
1096.jpg|6|3|1
1096.jpg|6|3|2
1096.jpg|6|9|1
1096.jpg|6|9|2
310.jpg|5|33|1
922.jpg|5|33|1
774.jpg|5|34|1
95.jpg|6|33|1
848.jpg|6|31|2
566.jpg|6|52|2
671.jpg|1|12|1
671.jpg|1|33|1
671.jpg|5|12|1
671.jpg|5|33|1
415.jpg|2|11|2
415.jpg|2|11|1
415.jpg|2|9|2
415.jpg|2|9|1
415.jpg|2|33|2
415.jpg|2|33|1
415.jpg|6|11|2
415.jpg|6|11|1
415.jpg|6|9|2
415.jpg|6|9|1
415.jpg|6|33|2
415.jpg|6|33|1
668.jpg|6|31|2
968.jpg|1|14|1
214.jpg|6|20|2
578.jpg|2|21|1
600.jpg|5|13|1
358.jpg|1|34|1
358.jpg|1|34|2
358.jpg|1|18|1
358.jpg|1|18|2
358.jpg|6|34|1
358.jpg|6|34|2
358.jpg|6|18|1
358.jpg|6|18|2
340.jpg|6|19|2
597.jpg|3|28|2
597.jpg|3|28|1
597.jpg|3|36|2
597.jpg|3|36|1
597.jpg|5|28|2
597.jpg|5|28|1
597.jpg|5|36|2
597.jpg|5|36|1
425.jpg|6|31|2
70.jpg|6|9|2
46.jpg|1|11|1
46.jpg|1|33|1
46.jpg|5|11|1
46.jpg|5|33|1
527.jpg|1|34|1
527.jpg|1|14|1
218.jpg|1|14|1
386.jpg|6|10|2
988.jpg|6|33|2
919.jpg|5|33|1
878.jpg|1|13|1
24.jpg|6|40|2
500.jpg|6|20|1
559.jpg|1|12|1
559.jpg|1|33|1
559.jpg|5|12|1
559.jpg|5|33|1
384.jpg|6|33|2
651.jpg|1|12|1
651.jpg|1|12|2
651.jpg|1|33|1
651.jpg|1|33|2
651.jpg|1|10|1
651.jpg|1|10|2
651.jpg|5|12|1
651.jpg|5|12|2
651.jpg|5|33|1
651.jpg|5|33|2
651.jpg|5|10|1
651.jpg|5|10|2
651.jpg|6|12|1
651.jpg|6|12|2
651.jpg|6|33|1
651.jpg|6|33|2
651.jpg|6|10|1
651.jpg|6|10|2
216.jpg|1|21|1
1048.jpg|1|12|1
1048.jpg|1|12|2
1048.jpg|1|25|1
1048.jpg|1|25|2
1048.jpg|1|36|1
1048.jpg|1|36|2
1048.jpg|1|40|1
1048.jpg|1|40|2
1048.jpg|3|12|1
1048.jpg|3|12|2
1048.jpg|3|25|1
1048.jpg|3|25|2
1048.jpg|3|36|1
1048.jpg|3|36|2
1048.jpg|3|40|1
1048.jpg|3|40|2
1048.jpg|6|12|1
1048.jpg|6|12|2
1048.jpg|6|25|1
1048.jpg|6|25|2
1048.jpg|6|36|1
1048.jpg|6|36|2
1048.jpg|6|40|1
1048.jpg|6|40|2
276.jpg|1|12|1
276.jpg|1|12|2
276.jpg|1|10|1
276.jpg|1|10|2
276.jpg|1|33|1
276.jpg|1|33|2
276.jpg|6|12|1
276.jpg|6|12|2
276.jpg|6|10|1
276.jpg|6|10|2
276.jpg|6|33|1
276.jpg|6|33|2
973.jpg|4|34|1
750.jpg|1|25|1
750.jpg|1|43|1
184.jpg|6|31|2
150.jpg|5|33|1
764.jpg|1|11|1
764.jpg|1|33|1
764.jpg|5|11|1
764.jpg|5|33|1
725.jpg|1|11|1
725.jpg|1|11|2
725.jpg|1|15|1
725.jpg|1|15|2
725.jpg|6|11|1
725.jpg|6|11|2
725.jpg|6|15|1
725.jpg|6|15|2
682.jpg|1|13|1
359.jpg|5|33|1
442.jpg|1|3|1
442.jpg|1|3|2
442.jpg|1|33|1
442.jpg|1|33|2
442.jpg|1|9|1
442.jpg|1|9|2
442.jpg|3|3|1
442.jpg|3|3|2
442.jpg|3|33|1
442.jpg|3|33|2
442.jpg|3|9|1
442.jpg|3|9|2
442.jpg|6|3|1
442.jpg|6|3|2
442.jpg|6|33|1
442.jpg|6|33|2
442.jpg|6|9|1
442.jpg|6|9|2
707.jpg|6|11|2
707.jpg|6|33|2
1037.jpg|6|32|2
72.jpg|1|11|1
40.jpg|2|25|1
742.jpg|1|33|1
53.jpg|5|33|1
53.jpg|5|33|2
53.jpg|5|9|1
53.jpg|5|9|2
53.jpg|6|33|1
53.jpg|6|33|2
53.jpg|6|9|1
53.jpg|6|9|2
440.jpg|6|31|2
87.jpg|5|11|1
91.jpg|6|31|2
1131.jpg|1|14|1
585.jpg|3|33|1
388.jpg|5|34|1
388.jpg|5|34|2
388.jpg|5|19|1
388.jpg|5|19|2
388.jpg|6|34|1
388.jpg|6|34|2
388.jpg|6|19|1
388.jpg|6|19|2
305.jpg|5|33|1
301.jpg|6|19|2
513.jpg|1|3|1
443.jpg|5|33|1
443.jpg|5|40|1
443.jpg|6|33|1
443.jpg|6|40|1
382.jpg|6|40|1
1005.jpg|1|34|1
207.jpg|5|12|1
947.jpg|6|40|1
553.jpg|6|20|2
1069.jpg|1|33|1
1069.jpg|1|33|2
1069.jpg|1|9|1
1069.jpg|1|9|2
1069.jpg|6|33|1
1069.jpg|6|33|2
1069.jpg|6|9|1
1069.jpg|6|9|2
115.jpg|6|31|2
69.jpg|5|34|1
113.jpg|6|10|2
113.jpg|6|10|1
113.jpg|6|33|2
113.jpg|6|33|1
113.jpg|6|2|2
113.jpg|6|2|1
416.jpg|6|31|2
662.jpg|6|20|2
21.jpg|1|11|1
21.jpg|1|11|2
21.jpg|1|3|1
21.jpg|1|3|2
21.jpg|1|33|1
21.jpg|1|33|2
21.jpg|1|9|1
21.jpg|1|9|2
21.jpg|3|11|1
21.jpg|3|11|2
21.jpg|3|3|1
21.jpg|3|3|2
21.jpg|3|33|1
21.jpg|3|33|2
21.jpg|3|9|1
21.jpg|3|9|2
21.jpg|6|11|1
21.jpg|6|11|2
21.jpg|6|3|1
21.jpg|6|3|2
21.jpg|6|33|1
21.jpg|6|33|2
21.jpg|6|9|1
21.jpg|6|9|2
312.jpg|1|34|1
900.jpg|1|21|1
900.jpg|1|21|2
900.jpg|1|34|1
900.jpg|1|34|2
900.jpg|1|20|1
900.jpg|1|20|2
900.jpg|6|21|1
900.jpg|6|21|2
900.jpg|6|34|1
900.jpg|6|34|2
900.jpg|6|20|1
900.jpg|6|20|2
33.jpg|5|12|1
850.jpg|1|37|1
478.jpg|1|33|1
478.jpg|1|33|2
478.jpg|1|12|1
478.jpg|1|12|2
478.jpg|1|2|1
478.jpg|1|2|2
478.jpg|1|10|1
478.jpg|1|10|2
478.jpg|6|33|1
478.jpg|6|33|2
478.jpg|6|12|1
478.jpg|6|12|2
478.jpg|6|2|1
478.jpg|6|2|2
478.jpg|6|10|1
478.jpg|6|10|2
512.jpg|6|40|1
739.jpg|6|31|2
463.jpg|1|34|1
343.jpg|1|14|1
403.jpg|1|14|1
403.jpg|1|38|1
790.jpg|5|35|1
790.jpg|5|11|1
429.jpg|6|40|1
881.jpg|4|33|1
865.jpg|5|11|1
865.jpg|5|33|1
820.jpg|6|40|1
606.jpg|5|33|1
125.jpg|6|45|2
494.jpg|1|34|1
275.jpg|6|20|2
1012.jpg|5|33|1
515.jpg|1|11|1
515.jpg|1|11|2
515.jpg|1|3|1
515.jpg|1|3|2
515.jpg|1|33|1
515.jpg|1|33|2
515.jpg|1|9|1
515.jpg|1|9|2
515.jpg|4|11|1
515.jpg|4|11|2
515.jpg|4|3|1
515.jpg|4|3|2
515.jpg|4|33|1
515.jpg|4|33|2
515.jpg|4|9|1
515.jpg|4|9|2
515.jpg|6|11|1
515.jpg|6|11|2
515.jpg|6|3|1
515.jpg|6|3|2
515.jpg|6|33|1
515.jpg|6|33|2
515.jpg|6|9|1
515.jpg|6|9|2
783.jpg|5|34|1
617.jpg|6|10|2
617.jpg|6|10|1
617.jpg|6|33|2
617.jpg|6|33|1
81.jpg|5|34|1
424.jpg|6|40|1
243.jpg|6|47|2
241.jpg|1|33|1
241.jpg|1|33|2
241.jpg|1|3|1
241.jpg|1|3|2
241.jpg|1|11|1
241.jpg|1|11|2
241.jpg|1|9|1
241.jpg|1|9|2
241.jpg|2|33|1
241.jpg|2|33|2
241.jpg|2|3|1
241.jpg|2|3|2
241.jpg|2|11|1
241.jpg|2|11|2
241.jpg|2|9|1
241.jpg|2|9|2
241.jpg|6|33|1
241.jpg|6|33|2
241.jpg|6|3|1
241.jpg|6|3|2
241.jpg|6|11|1
241.jpg|6|11|2
241.jpg|6|9|1
241.jpg|6|9|2
987.jpg|6|32|2
756.jpg|1|12|1
756.jpg|1|12|2
756.jpg|1|33|1
756.jpg|1|33|2
756.jpg|1|36|1
756.jpg|1|36|2
756.jpg|1|10|1
756.jpg|1|10|2
756.jpg|6|12|1
756.jpg|6|12|2
756.jpg|6|33|1
756.jpg|6|33|2
756.jpg|6|36|1
756.jpg|6|36|2
756.jpg|6|10|1
756.jpg|6|10|2
334.jpg|1|33|1
334.jpg|1|33|2
334.jpg|1|9|1
334.jpg|1|9|2
334.jpg|6|33|1
334.jpg|6|33|2
334.jpg|6|9|1
334.jpg|6|9|2
290.jpg|5|33|1
904.jpg|5|38|1
904.jpg|5|36|1
653.jpg|1|37|1
819.jpg|1|33|1
819.jpg|1|33|2
819.jpg|1|11|1
819.jpg|1|11|2
819.jpg|1|3|1
819.jpg|1|3|2
819.jpg|1|9|1
819.jpg|1|9|2
819.jpg|6|33|1
819.jpg|6|33|2
819.jpg|6|11|1
819.jpg|6|11|2
819.jpg|6|3|1
819.jpg|6|3|2
819.jpg|6|9|1
819.jpg|6|9|2
1091.jpg|5|33|1
906.jpg|1|33|1
906.jpg|1|12|1
906.jpg|5|33|1
906.jpg|5|12|1
697.jpg|5|33|1
905.jpg|6|32|2
469.jpg|6|31|2
5.jpg|6|32|2
172.jpg|1|34|1
1036.jpg|6|40|1
685.jpg|5|13|1
349.jpg|1|34|1
895.jpg|5|13|1
895.jpg|5|37|1
534.jpg|5|33|1
534.jpg|5|12|1
957.jpg|1|11|1
957.jpg|1|11|2
957.jpg|1|3|1
957.jpg|1|3|2
957.jpg|1|33|1
957.jpg|1|33|2
957.jpg|1|10|1
957.jpg|1|10|2
957.jpg|1|1|1
957.jpg|1|1|2
957.jpg|4|11|1
957.jpg|4|11|2
957.jpg|4|3|1
957.jpg|4|3|2
957.jpg|4|33|1
957.jpg|4|33|2
957.jpg|4|10|1
957.jpg|4|10|2
957.jpg|4|1|1
957.jpg|4|1|2
957.jpg|6|11|1
957.jpg|6|11|2
957.jpg|6|3|1
957.jpg|6|3|2
957.jpg|6|33|1
957.jpg|6|33|2
957.jpg|6|10|1
957.jpg|6|10|2
957.jpg|6|1|1
957.jpg|6|1|2
537.jpg|6|9|2
537.jpg|6|9|1
537.jpg|6|33|2
537.jpg|6|33|1
29.jpg|2|33|1
29.jpg|2|33|2
29.jpg|2|9|1
29.jpg|2|9|2
29.jpg|6|33|1
29.jpg|6|33|2
29.jpg|6|9|1
29.jpg|6|9|2
724.jpg|5|33|1
724.jpg|5|33|2
724.jpg|5|2|1
724.jpg|5|2|2
724.jpg|6|33|1
724.jpg|6|33|2
724.jpg|6|2|1
724.jpg|6|2|2
348.jpg|1|12|2
117.jpg|2|13|1
117.jpg|2|13|2
117.jpg|2|34|1
117.jpg|2|34|2
117.jpg|2|19|1
117.jpg|2|19|2
117.jpg|3|13|1
117.jpg|3|13|2
117.jpg|3|34|1
117.jpg|3|34|2
117.jpg|3|19|1
117.jpg|3|19|2
117.jpg|6|13|1
117.jpg|6|13|2
117.jpg|6|34|1
117.jpg|6|34|2
117.jpg|6|19|1
117.jpg|6|19|2
466.jpg|1|34|1
645.jpg|6|31|2
99.jpg|6|31|2
461.jpg|1|33|1
461.jpg|1|33|2
461.jpg|1|3|1
461.jpg|1|3|2
461.jpg|1|10|1
461.jpg|1|10|2
461.jpg|1|39|1
461.jpg|1|39|2
461.jpg|6|33|1
461.jpg|6|33|2
461.jpg|6|3|1
461.jpg|6|3|2
461.jpg|6|10|1
461.jpg|6|10|2
461.jpg|6|39|1
461.jpg|6|39|2
291.jpg|5|33|1
127.jpg|6|31|2
213.jpg|2|36|2
504.jpg|6|9|2
745.jpg|6|31|2
146.jpg|5|14|1
